parent_alias,alias,name,datatype,cardinality,ontology_class,parent_property,description,collection_name,required,searchable,exportable,sortorder
,headword,Headword,string,1,http://www.w3.org/ns/lemon/ontolex#Form,http://www.w3.org/ns/lemon/ontolex#canonicalForm,Written representation of the canonical form,,true,true,true,1
,part_of_speech,Part of Speech,concept,1,http://www.lexinfo.net/ontology/3.0/lexinfo#PartOfSpeech,http://www.lexinfo.net/ontology/3.0/lexinfo#partOfSpeech,Grammatical category,Parts of Speech,true,true,true,2
,gender,Gender,concept,1,http://www.lexinfo.net/ontology/3.0/lexinfo#Gender,http://www.lexinfo.net/ontology/3.0/lexinfo#gender,Grammatical gender of the lexeme (inherent LexicalEntry property; lexinfo:gender),Grammatical Features,false,true,true,8
,dialect,Dialect,concept,1,https://flaxandteal.org/ontology/goidelic#Dialect,https://flaxandteal.org/ontology/goidelic#hasDialect,Rollup of per-tile dialects (pipe-separated); authoritative dialect is on the sense/form/pronunciation tiles,Dialects,false,true,true,0
,pronunciation,Pronunciation,semantic,n,http://www.w3.org/ns/lemon/ontolex#Form,http://www.w3.org/ns/lemon/ontolex#lexicalForm,Phonetic representation,,,,true,3
pronunciation,ipa_value,IPA Value,string,1,http://www.w3.org/2000/01/rdf-schema#Literal,http://www.w3.org/ns/lemon/ontolex#phoneticRep,IPA transcription,,false,true,true,1
pronunciation,pronunciation_dialect,Dialect,concept,1,https://flaxandteal.org/ontology/goidelic#Dialect,https://flaxandteal.org/ontology/goidelic#hasDialect,Dialect of this pronunciation,Dialects,false,true,true,2
,senses,Senses,semantic,n,http://www.w3.org/ns/lemon/ontolex#LexicalSense,http://www.w3.org/ns/lemon/ontolex#sense,Word sense,,,,true,4
senses,gloss,Gloss,string,1,http://www.w3.org/2000/01/rdf-schema#Literal,http://www.w3.org/2004/02/skos/core#definition,English definition,,true,true,true,1
senses,example,Example,string,1,http://www.w3.org/ns/lemon/lexicog#UsageExample,http://www.w3.org/ns/lemon/lexicog#usageExample,Usage example,,false,true,true,2
senses,source_label,Source Label,string,1,http://purl.org/dc/terms/source,http://purl.org/dc/terms/source,Layer source code,,false,false,true,3
senses,sense_dialect,Dialect,concept,1,https://flaxandteal.org/ontology/goidelic#Dialect,https://flaxandteal.org/ontology/goidelic#hasDialect,Dialect(s) this sense belongs to,Dialects,false,true,true,4
,forms,Forms,semantic,n,http://www.w3.org/ns/lemon/ontolex#Form,http://www.w3.org/ns/lemon/ontolex#otherForm,Inflected or variant forms,,,,true,5
forms,written_rep,Written Form,string,1,http://www.w3.org/2000/01/rdf-schema#Literal,http://www.w3.org/ns/lemon/ontolex#writtenRep,Written representation,,false,true,true,1
forms,gram_features,Grammatical Features,concept-list,1,http://www.lexinfo.net/ontology/3.0/lexinfo#MorphosyntacticProperty,http://www.lexinfo.net/ontology/3.0/lexinfo#morphosyntacticProperty,Morphosyntactic tags,Grammatical Features,false,true,true,2
forms,form_dialect,Dialect,concept,1,https://flaxandteal.org/ontology/goidelic#Dialect,https://flaxandteal.org/ontology/goidelic#hasDialect,Dialect(s) this form belongs to,Dialects,false,true,true,3
forms,form_source_label,Source Label,string,1,http://purl.org/dc/terms/source,http://purl.org/dc/terms/source,Layer source code (which layer supplied this form: attested vs computed),,false,false,true,4
,grammar_class_group,Grammatical Class,semantic,1,https://flaxandteal.org/ontology/goidelic#GrammaticalClass,https://flaxandteal.org/ontology/goidelic#hasGrammaticalClass,Grammatical class assignment (declension value + confidence),,,,true,6
grammar_class_group,grammar_class,Grammatical Class Value,string,1,http://www.w3.org/2000/01/rdf-schema#Literal,https://flaxandteal.org/ontology/goidelic#grammaticalClass,Noun declension 1-5/irr; verb conjugation 1/2/irr; adjective declension 1-3,,false,true,true,1
grammar_class_group,grammar_class_confidence,Confidence,concept,1,https://flaxandteal.org/ontology/goidelic#Confidence,https://flaxandteal.org/ontology/goidelic#hasConfidence,Confidence in the grammatical class assignment (attested from a paradigm/code vs inferred by the guesser),Confidence Levels,false,true,true,2
,domain,Domain,concept-list,n,http://purl.org/dc/terms/subject,http://purl.org/dc/terms/subject,Subject field(s),Subject Fields,false,true,true,7
,external_examples,External Examples,resource-instance-list,n,http://www.w3.org/ns/lemon/lexicog#UsageExample,http://www.w3.org/ns/lemon/lexicog#usageExample,Related corpus examples,,false,false,true,8
,etymology,Etymology,semantic,n,http://lari-datasets.ilc.cnr.it/lemonEty#Etymology,https://flaxandteal.org/ontology/goidelic#hasEtymology,Etymology prose,,,,true,9
etymology,etymology_text,Etymology Text,string,1,https://flaxandteal.org/ontology/goidelic#etymologyText,https://flaxandteal.org/ontology/goidelic#etymologyText,Etymology prose text,,false,true,true,1
etymology,etymology_source,Etymology Source,string,1,https://flaxandteal.org/ontology/goidelic#etymologySource,https://flaxandteal.org/ontology/goidelic#etymologySource,Source code,,false,false,true,2
,cognates,Cognates,semantic,n,http://lari-datasets.ilc.cnr.it/lemonEty#Etymon,https://flaxandteal.org/ontology/goidelic#hasEtymon,Related words in other languages,,,,true,10
cognates,cognate_headword,Cognate Headword,string,1,https://flaxandteal.org/ontology/goidelic#cognateHeadword,https://flaxandteal.org/ontology/goidelic#cognateHeadword,Written form of cognate,,false,true,true,1
cognates,cognate_language,Cognate Language,string,1,https://flaxandteal.org/ontology/goidelic#cognateLanguage,https://flaxandteal.org/ontology/goidelic#cognateLanguage,Language of cognate,,false,true,true,2
cognates,cognate_entry_id,Cognate Entry ID,resource-instance,1,https://flaxandteal.org/ontology/goidelic#cognateEntryId,https://flaxandteal.org/ontology/goidelic#cognateEntryId,ResourceID of linked entry,,false,false,true,3
,related_entries,Related Entries,resource-instance-list,n,http://lari-datasets.ilc.cnr.it/lemonEty#Etymon,https://flaxandteal.org/ontology/goidelic#hasEtymon,Cross-linked cognate entries,,false,false,true,11
